Title,Adrese,koordinātes,Description/Apraksts,Description in English,Informācijas avoti,Tips,tips / angiski,aa Icon (please do not change) ,Icon color,Perent - lv,Parent - en,Komentāri,komentāri / angliski,Tālr.,Pirmdiena,Otrdiena,Trešdiena,Ceturtdiena,Piektdiena,Sestdiena,Svētdiena,Photo title,Attēlu avoti nosaukums,Attēlu avoti,Informācijas avotu titles (REFER TO column F),Objektu nosaukumi angliski
Bauskas peldbaseins,"Salātu iela 5a, Bauska, Bauskas nov., LV-3901","56.411239, 24.197474","Ja patīk peldēt vai sildīties pirtī, aktīvi kustēties vai relaksēties, Bauskas peldbaseins ir tieši laikā! Ēka ir moderna, pievilcīga un ērta, tajā ir četras pirtis – sauna, turku, krievu, infrasarkanā –, kā arī ir divas hidromasāžas vannas, un bērniem atvēlēts pašiem savs peldbaseins. Peldbaseins pieejams individuālajiem apmeklētājiem sākot no rīta un sākot no 17:00. Cena uz 2 stundām ir 3.80 - 7.50 eiro, bērniem (7-18 gadi) un studentiem 3.20 - 4.50 eiro.","If you like swimming or warming in the sauna, exercising or relaxing, the Bauska swimming pool is exactly for you! The building is modern, attractive and comfortable. It has four saunas, two hot tubs and two swimming pools (one is intended for use by small children). The price for 2 hours for children (7-18 years) is 3.80 - 7.50 EUR and 3.20 - 4.50 EUR for students.",https://www.bauska.lv/lv/sabiedriba/bauskas-peldbaseins,Aktīvā atpūta,Active lifestyle,swimming_pool,#9CECD8,Noderīgi,Useful,,,,,,,,,,,"Bauskaspeldbaseins1, Bauskaspeldbaseins2",,,Bauska.lv,Bauska Swimming Pool
Velosēta,"Kalna iela 12, Bauska, Bauskas nov., LV-3901","56.409562, 24.185018","Ja ar divām kājām kļūst par lēnu, ar diviem riteņiem būs tieši laikā! Uzņēmums “Velosēta” piedāvā vienlaicīgi līdz 10 velosipēdu nomu, kā arī šo transportlīdzekļu apkopi un remontu. Uzņēmums ir arī aktīvs sabiedriskās dzīves dalībnieks, regulāri rīkojot dažādus aktīvās atpūtas pasākumus. Uzmanību! Pedāļu mīšana izraisa atkarību un nokļūšanu neparedzēti skaistās vietās!","If your own legs start to fail you, a brilliant idea is to hop on a bicycle! The company “Velosēta” offers to rent up to 10 vehicles at the same time, so you can bring your friends and family too. “Velosēta” will also help with the maintenance or repairs if your steel horse is tired and unwilling to cooperate. The firm also participates in the social part of Bauska as it often organises a wide variety of cycling and other active recreation events. Attention! Cycling can be addictive and will definitely bring you to unplanned but amazing places!",https://www.tourism.bauska.lv/lv/aktiva-atputa/velo-noma/velo-seta-45,Aktīvā atpūta,Active lifestyle,velo,#9CECD8,Noderīgi,Useful,Velo noma,,,,,,,,,,veloseta,,,Tourism Bauska,"Velo Rental ""Velosēta"""
Basketbola laukums,,"56.413158, 24.195882",Arī sportiskiem gariem Bauskā ir ko darīt - šeit atrodas publiski pieejams basketbola laukums.,"Sports spirits in Bauska also have something to do - there is a public basketball court.
",,Aktīvā atpūta,Active lifestyle,active,#9CECD8,Noderīgi,Useful,,,,,,,,,,,basketbols,,,,Basketball court
Peldvieta,,"56.400575, 24.198374","Kur vietējie peldas vasarā, ja upes ieskauj pilsētu no visām pusēm? Tieši tā – visur! Kur var izlīst cauri zālēm, tur arī metas iekšā ūdenī. Viena no daudzām vietām ir šī – abās Mūsas krasta pusēs blakus gājēju tiltam.",Where do the locals swim in summer when the rivers surround the city from all directions? That's it - everywhere! ,,Aktīvā atpūta,Active lifestyle,swimming,#9CECD8,Noderīgi,Useful,,,,,,,,,,,,,,,Swimming place
Volejbola laukums,,"56.400856, 24.187669","Sportiskie gari var savākties Bauskā uz volejbola spēli, jo šeit atrodams publiski pieejams volejbola laukums Mūsas upes krastā. ","
Athletic spirits can gather in Bauska for a volleyball game, as there is a public volleyball court on the beach of the Musa River.
",,Aktīvā atpūta,Active lifestyle,active,#9CECD8,Noderīgi,Useful,,,,,,,,,,,volejbols,,,,Volleyball court
Bauskas Sv. Sakramenta katoļu baznīca,"Katoļu iela 2, Bauska, Bauskas novads, LV-3901","56.408704, 24.180874","Bauskas Vissvētākā Sakramenta katoļu baznīca ir Romas katoļu Rīgas metropolijas Jelgavas diecēzes draudzes baznīca. Sākotnēji te ir bijis lūgšanu nams, kuru apkalpojuši jezuīti no Skaistkalnes draudzes baznīcas. Pašreizējo baznīcu uzcēla 1865. gadā.",The Bauska Catholic Church is the Roman Catholic Church of Jelgava Diocese parish of Riga metropolis. It was built in 1865.The interior was designed in the second half of the 19th century.,https://www.tourism.bauska.lv/lv/apskates-objekti/baznicas/bauskas-sv-sakramenta-katolu-baznica-9,Baznīca,Church,church,#FFF05A,Vēsturiski objekti,Historical objects,,,,,,,,,,,bauskas_sv_sakramenta_katolu_baznica,,,Tourism Bauska,Bauska St. Sacrament Catholic Church
Bauskas Svētā Gara baznīca,"Plūdoņa iela 13a, Bauska, Bauskas novads, LV-3901","56.409494, 24.183330","Šīs baznīcas torņa smailē divas reizes iespēris zibens, turklāt tā ir pirmā mūra un senākā saglabājusies celtne Bauskas vecpilsētā (celta laikposmā 1591.-1594.). Baznīca slavena arī ar to, ka baznīcā ir saglabājies krāsains kokgriezums – senākais Bauskas ģerboņa attēlojums (1640), kā arī lielākās ērģeles Zemgalē.","The Lutheran Church of Holy Spirit is the oldest remaining building in the part of Bauska Old Town. It is interesting that lightning struck at the church tower twice. There is also the largest organ in Zemgale and a colourful wood-carving – the oldest depiction of Bauska Coat of Arms (1640). 

",https://www.tourism.bauska.lv/lv/apskates-objekti/baznicas/bauskas-sv-gara-baznica-8,Baznīca,Church,church,#FFF05A,Vēsturiski objekti,Historical objects,,,,,,,,,,,"bauskas_sv_gara_baznica, bauskas_sv_gara_baznica_2",,https://www.bauska.lv/lv/jaunumi/nepieciesams-atjaunot-bauskas-sveta-gara-baznicas-altari-4305,Tourism Bauska,Bauska Lutheran Church of St. Spirit
Sv. Georgija Bauskas pareizticīgo baznīca,"Uzvaras iela 5, Bauska, Bauskas pilsēta, LV-3901","56.405281, 24.184491",Bauskas pareizticīgo draudze dibināta 1856. gadā. Sākotnēji dievkalpojumus noturēja īrētās telpās. Vēlāk cara valdība draudzei uzdāvināja pie Bauskas esošo Krievijas valsts fermu „Mazo Dirdi” jeb Ērkšķu muižu. Tagadējās baznīcas celtniecība pabeigta 1881. gadā. Tā ir tipiskā krievu—bizantiešu stila baznīca. ,"Bauska Ortodox congregation was founded in 1856. Initially, the church services held in rented premises. Bauska St. Georgijs the Orthodox Church was built only in 1881. It is a typical Russian-Byzantine church.",https://www.tourism.bauska.lv/lv/apskates-objekti/bauska/sv-georgija-bauskas-pareizticigo-baznica-10,Baznīca,Church,church,#FFF05A,Vēsturiski objekti,Historical objects,,,,,,,,,,,"Sv_Georgija_Bauskas_pareizticigo_baznica2, Sv_Georgija_Bauskas_pareizticigo_baznica",,,Tourism Bauska,Bauska St. Georgijs the Orthodox Church
Bauskas Tūrisma Informācijas Centrs,"Rātslaukums 1, Bauska, Bauskas pilsēta, LV-3901","56.410086, 24.185691","Tiem, kas nomaldījušies, vai tiem, kas vēlas pamaldīties Bauskā, palīdzēt var Bauskas Tūrisma Informācijas Centrs, kas atrodas pašā vecpilsētas sirdī – atjaunotajā Rātsnamā. Tas sniedz bezmaksas informāciju par tūrisma objektiem Bauskas, Iecavas, Rundāles un Vecumnieku novadā latviešu, angļu, krievu un zviedru valodā un tā darbinieki vienmēr ir gatavi parunāt gan par Bauskas tenkām, gan dzīves lielajiem noslēpumiem. Te ir iespējams iegādāties Luxexpress autobusu biļetes, Jāņa Sētas kartes, bukletus, pastkartes un suvenīrus, kā arī apskatīt ekspozīciju “Sver un mēri Bauskā”, gandrīz visu, ko vēlas sirds.","Tourism information centre that is in the heart of Bauska’s old city will help those who are lost or just want to get lost in Bauska. They provide free information in Latvian, English, Russian and Swedish languages about tourism objects in Bauska, Iecava, Rundāle and Vecumnieki municipalities. Friendly employees are always open for a chat about Bauskas tattles or more serious talks. Here you can buy Luxexpress bus tickets, Jāņa Sēta maps, booklets, postcards and souvenirs as well as see old measurement exhibition “Sver un mēri Bauskā”.",https://www.tourism.bauska.lv/lv/info/turisma-informacijas-centrs,Citi,Other,info_centre,#E2FDFF,Noderīgi,Useful,,,,,,,,,,,"TIC1, TIC2, infocentrs",,,Tourism Bauska,Bauska Tourism Information Centre
Bauskas autoosta,Slimnīcas iela 11,"56.406982, 24.196355","Vieta, kur satiekas visi sabiedriskie autobusi, kas iebrauc Bauskā. Ēkā atrodas soliņi, iespējams iegādāties pārtiku Narvesen vai veikaliņā SIA ""Līv"", paēst ""Hercoga ķēķī"", ir maksas tualete.","A place where all public buses arriving in Bauska meet. There are benches in the building, you can buy food in Narvesen or in the shop ""Līv"", eat in ""Duke's kitchen"", there is a toilet with a charge.",,Citi,Other,bus_station,#E2FDFF,Noderīgi,Useful,,,,,,,,,,,,,,,Bauska bus station
Grils,,"56.408296, 24.178883","Tev ir ēdiens, iesmi un liesma sirdī? Šeit atradīsi no akmeņiem veidotu grilu, galdiņus un bērnu laukumiņu tieši pie upes. Piemērota vieta pusdienām svaigā gaisā ar līdzpaņemtu ēdienu.","Do you have food, skewers and flames in your heart? Here you will find a stone grill, tables and a playground right by the river. Suitable place for lunch in the open air with food.
",,Citi,Other,template,#E2FDFF,Noderīgi,Useful,,,,,,,,,,,"grils, grils2",,,,Barbecue
Aveņi,"Aveņmuiža,Codes pag., Bauskas nov., LV- 3901","56.414639, 24.179344","Vietējo iecienītais restorāns ""Aveņi"" atrodas blakus Motormuzejam. Plašs ēdienu klāsts, pieejama bērnu ēdienkarte. Piemērots ģimenēm.","The locals' favorite restaurant ""Aveņi"" is next to the Motor Museum. Wide range of dishes, children's menu available. Suitable for families.",https://www.tourism.bauska.lv/lv/edinasana/kafejnicas-un-krogi/aveni-78,Ēdināšana,Restaurant,restaurant,#FF6160,,,,,63960150,10:30 - 22:00,10:30 - 22:00,10:30 - 22:00,10:30 - 22:00,10:30 - 23:00,12:00 - 23:00,12:00 - 21:00,"aveni, aveni2",,,Tourism Bauska,Aveņi
Bērzkalni Cafe,"Bērzkalni 11A, Īslīces pag., Bauskas novads, LV-3901","56.397559, 24.193240","Kafejnīca atrodas viesnīcā ""Bērzkalni"" un tur iespējams nogaršot Bauskas īpašos ēdienus: ""Bauskas dālderi"", ""Saldo pilsdrupu"" un ""Bauskas rātes dziru"".","The café is located in the hotel ""Bērzkalni"" and there you can taste specialties of Bauska: ""Bauska dalder"", ""Saldus castle ruin"" and ""Bauska town hall drink"".",https://www.tourism.bauska.lv/lv/edinasana/kafejnicas-un-krogi/berzkalni-42,Ēdināšana,Restaurant,restaurant,#FF6160,,,,,,12:00 - 20:00,12:00 - 20:00,12:00 - 20:00,12:00 - 20:00,12:00 - 22:00,12:00 - 22:00,12:00 - 20:00,"viesnicaberzkalni, viesnicaberzkalni2",,,Tourism Bauska,Bērzkalni Cafe
"Hercoga Ķēķis, “Osta”",Slimnīcas iela 11,"56.407001, 24.195800",Bistro piedāvā nacionālās virtuves ēdienus. Atrodas Bauskas autoostas otrajā stāvā.,"The bistro serves national cuisine. Located on the second floor of the Bauska Bus Station.
",https://www.tourism.bauska.lv/lv/edinasana/bauska/hercoga-kekis-82,Ēdināšana,Restaurant,restaurant,#FF6160,,,,,63927449,7:30 - 18:00,7:30 - 18:00,7:30 - 18:00,7:30 - 18:00,7:30 - 18:00,9:00 - 15:00,closed,,,,Tourism Bauska,"Hercoga Ķēķis, “Osta”"
Hesburger,Pionieru iela 2,"56.406684, 24.188573","Ātrās apkalpošanas restorāns, kura piedāvājumā ietilpst burgeri, frī kartupeļi un gāzēti dzērieni. Atrodas blakus degvielas uzpildes stacijai ""Neste"" un Rimi.","A fast food restaurant serving burgers, french fries and carbonated drinks. Located near the Neste and Rimi petrol stations.",https://www.tourism.bauska.lv/lv/edinasana/bistro-picerijas/hesburger-bauska-neste-75,Ēdināšana,Restaurant,restaurant,#FF6160,,,,,,9:00 - 23:00,9:00 - 23:00,9:00 - 23:00,9:00 - 23:00,9:00 - 23:00,10:00 - 23:00,10:00 - 23:00,,,,Tourism Bauska,Hesburger
Kompaktsushi,Salātu iela 27A,"56.407997, 24.202937","Japāņu kulinārija - suši, zupas, deserti.","Japanese cuisine - sushi, soups, desserts.",https://www.tourism.bauska.lv/lv/edinasana/kafejnicas-un-krogi/kompaktsushi-219,Ēdināšana,Restaurant,restaurant,#FF6160,,,,,20032707,11:00 - 22:00,11:00 - 22:00,11:00 - 22:00,11:00 - 22:00,11:00 - 22:00,11:00 - 22:00,11:00 - 21:00,kompaktsushi,,,Tourism Bauska,Kompaktsushi
Krustceles pie pils,Brīvības Bulvāris 2,"56.403034, 24.177895","Kafejnīca, kas atrodas blakus Bauskas pils autostāvvietai.","A cafe located next to the Bauska Castle parking lot.
",https://www.tripadvisor.ru/Restaurant_Review-g277821-d3378218-Reviews-Kafejnica_Krustceles_Pie_Pils-Bauska_Zemgale_Region.html,Ēdināšana,Restaurant,restaurant,#FF6160,,,,,27727770,11:00 - 20:00,11:00 - 20:00,11:00 - 20:00,11:00 - 20:00,11:00 - 20:00,11:00 - 22:00,11:00 - 20:00,,,,TripAdvisor,Krustceles pie pils
Mīklas paradīze,Bērzkalni 8,"56.397866, 24.196107","Kafejnīca un konditoreja. Omulīga vieta, kur izdzert tasi kafijas un notiesāt kūkas gabalu. Blakus veikaliņš ""Lats"", kurā arī var nopirkt ""Mīklas paradīzes"" kulinārijas veikumus.","Cafe and pastry shop. A cozy place to drink a cup of coffee and have a piece of cake. Next to the shop ""Lats"", where you can also buy the culinary creations of ""Dough Paradise"".
",https://www.tourism.bauska.lv/lv/edinasana/kafejnicas-un-krogi/miklas-paradize-216,Ēdināšana,Restaurant,restaurant,#FF6160,,,,,24336810,10:00 - 18:00,10:00 - 18:00,10:00 - 18:00,10:00 - 18:00,10:00 - 18:00,closed,closed,miklasparadize,,,Tourism Bauska,Mīklas paradīze
Mūza,Slimnīcas iela 7,"56.407777, 24.195650","Restorāns piedāvā tipiskas latviešu maltītes, kā arī citu tautu kulināriju. Atrodas viesnīcā Rija Bauska.",The restaurant offers typical Latvian cuisine as well as cuisine of other nations. Located in the hotel Rija Bauska.,https://www.tourism.bauska.lv/lv/edinasana/restorani/muza-222,Ēdināšana,Restaurant,restaurant,#FF6160,,,,,29999272,11:00 - 21:00,11:00 - 21:00,11:00 - 21:00,11:00 - 21:00,11:00 - 22:00,11:00 - 22:00,11:00 - 21:00,"muza, muza2, muza3",,,Tourism Bauska,Mūza
Pauze,Zaļā iela 25,"56.404643, 24.209886","Kafejnīcā-grilbārā ""Pauze"" tiek piedāvāti garšīgi ēdieni un lielas porcijas. Vasarās atvērta āra terase.","The café – BBQ bar “Pauze” offers delicious meals and large portions. In summer, there is an outdoor terrace.",https://www.tourism.bauska.lv/lv/edinasana/kafejnicas-un-krogi/pauze-191,Ēdināšana,Restaurant,restaurant,#FF6160,,,,,26311695,11:00 - 18:00,11:00 - 18:00,11:00 - 18:00,11:00 - 18:00,11:00 - 18:00,12:00 - 20:00,12:00 - 18:00,"pauze, pauze2",,,Tourism Bauska,Pauze
Picu darbnīca,Kalna iela 7,"56.407289, 24.188309","Garšīgas, svaigi ceptas picas par saprātīgām cenām.","Delicious, freshly baked pizzas at reasonable prices.",https://www.tourism.bauska.lv/lv/edinasana/bistro-picerijas/picu-darbnica-84,Ēdināšana,Restaurant,restaurant,#FF6160,,,,,22065556,10:00 - 21:00,10:00 - 21:00,10:00 - 21:00,10:00 - 21:00,10:00 - 23:00,10:00 - 23:00,10:00 - 21:00,picudarbnica,,,Tourism Bauska,Picu darbnīca
Pie Rātslaukuma,Plūdoņa iela 38,"56.409750, 24.186811",Kafejnīca atrodas blakus rātsnamam. Plašs ēdienu klāsts ar uzsvaru uz latviešu ēdieniem.,The café is next to the town hall. Wide range of dishes with emphasis on Latvian dishes.,https://www.tourism.bauska.lv/lv/edinasana/bauska/ratslaukums-70,Ēdināšana,Restaurant,restaurant,#FF6160,,,,,"29680500, 63923233",11:00 - 18:00,11:00 - 18:00,11:00 - 18:00,11:00 - 18:00,11:00 - 18:00,11:00 - 17:00,closed,"pieratslaukuma, pieratslaukuma2",,,Tourism Bauska,Pie Rātslaukuma
Taverna,Rīgas iela 27,"56.410480, 24.184852","Kafejnīca atrodas pilsētas galvenajā laukumā, kurā var nogaršot gan ""Torņa"" izslavēto Lāča ķepu, gan citus gardus ēdienus. Vasaras laikā tiek uzstādīta āra terase. Norēķināties iespējams tikai skaidrā naudā","The café is located on the city's main square, where you can taste the ""Bear's"" paw of the ""Tower"" and other delicious dishes. An outdoor terrace is installed during the summer. Payments can only be made in cash",https://www.tourism.bauska.lv/lv/edinasana/kafejnicas-un-krogi/taverna-80,Ēdināšana,Restaurant,restaurant,#FF6160,,,,,26306309,,,,,,,,"Taverna, Taverna2",,,Tourism Bauska,Taverna
Tornis,Rīgas iela 30,"56.411884, 24.192100","Vai esi dzirdējis par leģendāro “Lāča ķepu”? Vajag lielu uzņēmību, lai to pieveiktu, jo karbonāde vien uz šķīvja tik liela kā lāča ķepa. Bagātīgas pusdienas, no 6 eiro vērtas pusporcijas vēders būs pilns, bet lieli stiprinieki pievarēs arī pilnu porciju, kas vairāk līdzinās nevis vienai, bet divām lāča ķepām. Piedāvājumā arī citi gardi ēdieni. Kafejnīca atrodas vecpilsētā. Norēķināties iespējams tikai skaidrā naudā.","Have you heard of the legendary ""Bear's Foot""? It takes a lot of effort to overcome it, because the chop on the plate alone is as big as a bear paw. For a generous lunch, a half-serving portion of 6 euros will be full, but the big strengths will win a full serving, which is more like one but two bear paws. We also offer other delicious dishes. The café is located in the Old Town. Payments can only be made in cash.",https://www.tourism.bauska.lv/lv/edinasana/kafejnicas-un-krogi/tornis-76,Ēdināšana,Restaurant,restaurant,#FF6160,,,,,26306309,11:00 - 20:00,11:00 - 20:00,11:00 - 20:00,11:00 - 20:00,11:00 - 20:00,11:00 - 20:00,11:00 - 20:00,Tornis,,,Tourism Bauska,Tornis
Bauskas ebreji,,"56.410986, 24.185963","Interesantu faktu mīļotājiem iesakām izzināt Bausku bērna acīm, jo Bauskas bērni zina daudz ko pastāstīt. Starp dažādiem Bauskas objektiem iemājojušies informatīvi stendi, kas vēsta par dažādām leģendām un faktiem par Bausku, kā arī ierosina veikt dažādus uzdevumus. Apmeklējot Bausku, izaicini sevi atrast visas vietas, kur tie paslēpušies!","The Path of Legends is suitable for those who love interesting facts. It consists of many plates, that has found its way between Bauska’s attraction objects. While visiting Bauska, challenge yourself to find where they are hidden!",,Izzini Bausku!,Explore Bauska!,legends,#D9C14E,,,,,,,,,,,,,legends,,,,The Jews of Bauska
Bauskas leģendas un Jaunības ūdens,,"56.403263, 24.164350","Interesantu faktu mīļotājiem iesakām izzināt Bausku bērna acīm, jo Bauskas bērni zina daudz ko pastāstīt. Starp dažādiem Bauskas objektiem iemājojušies informatīvi stendi, kas vēsta par dažādām leģendām un faktiem par Bausku, kā arī ierosina veikt dažādus uzdevumus. Apmeklējot Bausku, izaicini sevi atrast visas vietas, kur tie paslēpušies!","The Path of Legends is suitable for those who love interesting facts. It consists of many plates, that has found its way between Bauska’s attraction objects. While visiting Bauska, challenge yourself to find where they are hidden!",,Izzini Bausku!,Explore Bauska!,legends,#D9C14E,,,,,,,,,,,,,legends,,,,Legends of Bauska and Water of Youth
Bauskas pils un vēl,,"56.403808, 24.177756","Interesantu faktu mīļotājiem iesakām izzināt Bausku bērna acīm, jo Bauskas bērni zina daudz ko pastāstīt. Starp dažādiem Bauskas objektiem iemājojušies informatīvi stendi, kas vēsta par dažādām leģendām un faktiem par Bausku, kā arī ierosina veikt dažādus uzdevumus. Apmeklējot Bausku, izaicini sevi atrast visas vietas, kur tie paslēpušies!","The ""See Bauska through the Eyes of a Child"" path of legends is suitable for those who love interesting facts. It consists of many plates, that have found their home between Bauska’s attraction objects, streets and everyday hustle. While visiting Bauska, challenge yourself to find where they are hidden!",,Izzini Bausku!,Explore Bauska!,legends,#D9C14E,,,,,,,,,,,,,legends,,,,Bauska Castle and More
Lielupe un putni,,"56.403902, 24.177215","Interesantu faktu mīļotājiem iesakām izzināt Bausku bērna acīm, jo Bauskas bērni zina daudz ko pastāstīt. Starp dažādiem Bauskas objektiem iemājojušies informatīvi stendi, kas vēsta par dažādām leģendām un faktiem par Bausku, kā arī ierosina veikt dažādus uzdevumus. Apmeklējot Bausku, izaicini sevi atrast visas vietas, kur tie paslēpušies!","The ""See Bauska through the Eyes of a Child"" path of legends is suitable for those who love interesting facts. It consists of many plates, that have found their home between Bauska’s attraction objects, streets and everyday hustle. While visiting Bauska, challenge yourself to find where they are hidden!",,Izzini Bausku!,Explore Bauska!,legends,#D9C14E,,,,,,,,,,,,,legends,,,,Lielupe and birds
Teika par Deviņzares salu Mēmeles upē un vēl,,"56.408339, 24.179061","Interesantu faktu mīļotājiem iesakām izzināt Bausku bērna acīm, jo Bauskas bērni zina daudz ko pastāstīt. Starp dažādiem Bauskas objektiem iemājojušies informatīvi stendi, kas vēsta par dažādām leģendām un faktiem par Bausku, kā arī ierosina veikt dažādus uzdevumus. Apmeklējot Bausku, izaicini sevi atrast visas vietas, kur tie paslēpušies!","The ""See Bauska through the Eyes of a Child"" path of legends is suitable for those who love interesting facts. It consists of many plates, that have found their home between Bauska’s attraction objects, streets and everyday hustle. While visiting Bauska, challenge yourself to find where they are hidden!",,Izzini Bausku!,Explore Bauska!,legends,#D9C14E,,,,,,,,,,,,,legends,,,,The Legend about Deviņzares Island on the Mēmele River and More
"Mūsas upe un ""Raganu grava""",,"56.399764, 24.197930","Interesantu faktu mīļotājiem iesakām izzināt Bausku bērna acīm, jo Bauskas bērni zina daudz ko pastāstīt. Starp dažādiem Bauskas objektiem iemājojušies informatīvi stendi, kas vēsta par dažādām leģendām un faktiem par Bausku, kā arī ierosina veikt dažādus uzdevumus. Apmeklējot Bausku, izaicini sevi atrast visas vietas, kur tie paslēpušies!","The ""See Bauska through the Eyes of a Child"" path of legends is suitable for those who love interesting facts. It consists of many plates, that have found their home between Bauska’s attraction objects, streets and everyday hustle. While visiting Bauska, challenge yourself to find where they are hidden!",,Izzini Bausku!,Explore Bauska!,legends,#D9C14E,,,,,,,,,,,,,legends,,,,"The Mūsa River and ""Witches Gully"""
Pētera I akmens un Kalēju iela,,"56.407121, 24.180795","Interesantu faktu mīļotājiem iesakām izzināt Bausku bērna acīm, jo Bauskas bērni zina daudz ko pastāstīt. Starp dažādiem Bauskas objektiem iemājojušies informatīvi stendi, kas vēsta par dažādām leģendām un faktiem par Bausku, kā arī ierosina veikt dažādus uzdevumus. Apmeklējot Bausku, izaicini sevi atrast visas vietas, kur tie paslēpušies!","The ""See Bauska through the Eyes of a Child"" path of legends is suitable for those who love interesting facts. It consists of many plates, that have found their home between Bauska’s attraction objects, streets and everyday hustle. While visiting Bauska, challenge yourself to find where they are hidden!",,Izzini Bausku!,Explore Bauska!,legends,#D9C14E,,,,,,,,,,,,,legends,,,,Stone of Peter the Great and Kalēju Street
"Salātu iela, Krauklinga piemineklis un Korfa muiža",,"56.409745, 24.196982","Interesantu faktu mīļotājiem iesakām izzināt Bausku bērna acīm, jo Bauskas bērni zina daudz ko pastāstīt. Starp dažādiem Bauskas objektiem iemājojušies informatīvi stendi, kas vēsta par dažādām leģendām un faktiem par Bausku, kā arī ierosina veikt dažādus uzdevumus. Apmeklējot Bausku, izaicini sevi atrast visas vietas, kur tie paslēpušies!","The ""See Bauska through the Eyes of a Child"" path of legends is suitable for those who love interesting facts. It consists of many plates, that have found their home between Bauska’s attraction objects, streets and everyday hustle. While visiting Bauska, challenge yourself to find where they are hidden!",,Izzini Bausku!,Explore Bauska!,legends,#D9C14E,,,,,,,,,,,,,legends,,,,"The Salātu Street, Monument of Krauklings and Korff's Manor House"
Saules dārzs,,"56.410320, 24.188889","Interesantu faktu mīļotājiem iesakām izzināt Bausku bērna acīm, jo Bauskas bērni zina daudz ko pastāstīt. Starp dažādiem Bauskas objektiem iemājojušies informatīvi stendi, kas vēsta par dažādām leģendām un faktiem par Bausku, kā arī ierosina veikt dažādus uzdevumus. Apmeklējot Bausku, izaicini sevi atrast visas vietas, kur tie paslēpušies!","The ""See Bauska through the Eyes of a Child"" path of legends is suitable for those who love interesting facts. It consists of many plates, that have found their home between Bauska’s attraction objects, streets and everyday hustle. While visiting Bauska, challenge yourself to find where they are hidden!",,Izzini Bausku!,Explore Bauska!,legends,#D9C14E,,,,,,,,,,,,,legends,,,,Sun Garden
Sērkociņš,,"56.409747, 24.200346","Interesantu faktu mīļotājiem iesakām izzināt Bausku bērna acīm, jo Bauskas bērni zina daudz ko pastāstīt. Starp dažādiem Bauskas objektiem iemājojušies informatīvi stendi, kas vēsta par dažādām leģendām un faktiem par Bausku, kā arī ierosina veikt dažādus uzdevumus. Apmeklējot Bausku, izaicini sevi atrast visas vietas, kur tie paslēpušies!","The Path of Legends is suitable for those who love interesting facts. It consists of many plates, that has found its way between Bauska’s attraction objects. While visiting Bauska, challenge yourself to find where they are hidden!",,Izzini Bausku!,Explore Bauska!,legends,#D9C14E,,,,,,,,,,,,,legends,,,,The Match
Bauskas pils - pieturas punkts ekskursijas laikā,"Pilskalns, Bauska, Bauskas novads, LV-3901","56.403517, 24.175304","Bauskas pilī tiek piedāvātas tematiskas ekskursijas - ""Ģērbšanās kultūra Kurzemes hercogistē"", ""Deju stunda galmā"" un ""Galma sadzīves kultūra"" -, kuru laikā apmeklētāji var piepildīt savus sapņus esot viduslaiku pils iedzīvotāju tēlā un izrādot sevišķi iznesīgas galma manieres. 
Informācija par cenām un pakalpojumiem: http://bauskaspils.lv/lv/pakalpojumi
Gida pakalpojumiem un ekskursijām jāpiesakās iepriekš!
"," For those who want more than seeing, Bauska Castle offers interactive excursions and playful experience in programs “The Culture of the Court Life at the end of the 16th- first half of the 17th century"" and ""A dance class in the court"" during which the history enthusiasts can feel almost as if they had traveled to the romantic times of court life. Important! Guides and educational programs need to be reservated beforehand! More information on http://bauskaspils.lv/lv/pakalpojumi ",https://www.latvia.travel/lv/apskates-vieta/bauskas-pils,Meistarklase,Workshop,tour,#FFDBEA,,,,,,,,,,,,,,,,Latvia Travel,Bauska Castle - a stop during the excursion
"Apskates saimniecība ""Vaidelotes""","Vaidelotes"", Codes pag., Bauskas nov., LV-3901","56.427559, 24.226515","Intensīvā lauksaimniecība un latviskā dzīvesziņa labi sadzīvo zemnieku saimniecībā “Vaidelotes”! Šeit ir iespējams iepazīties ar latvisko lauku ikdienu un veselīgu uzturu, izbaudīt seno latviešu virtuvi, kā arī izprast maizes tapšanas ceļu. Te var svinēt latviskos gadskārtu svētkus ārā ar dziesmām, dejām, ķekatām, un ēdienkartē nacionālā virtuve - speķa rauši, medus maize vai ugunskurā vārīta miežu putra un garda tēja.","Intensive agriculture and Latvian lifestyle go well together in the farm “Vaidelotes”. Here you can learn about the daily life of Latvian countryside, about healthy nutrition and ancient Latvian cuisine. In “Vaidelotes” you can celebrate holidays and participate in the annual increment rituals with songs, dances and Latvian traditions. The farm provides guests with tasty country foods such as porridge, dumplings, pierogi and pastries made of grain and roughly ground flour that are produced at the farm itself. You can purchase teas, herbs and other country goodies.",https://www.latvia.travel/lv/apskates-vieta/saimnieciba-vaidelotes,Meistarklase,Workshop,tour,#FFDBEA,,,"Saimniecības apskate, tradicionālo Zemgales ēdienu nogaršošana",,,,,,,,,,"Vaidelotes, Vaidelotes2",,,Latvia Travel,"The farm ""Vaidelotes"""
Bauskas alusdarītava,"""Imantas"", Īslīces pag., Bauskas nov., LV-3901","56.397358, 24.204074","Alus darītava ""Bauskas alus"" ir dibināta 1981. gadā. Ikdienā šeit top iecienītais ""Bauskas gaišais"" un ""Bauskas tumšais"" alus, bet interesenti tiek aicināti apmeklēt darītavu ekskursijās un degustācijās, kuru laikā tiek piedāvātas sešas alus šķirnes un trīs bezalkoholiski dzērienus. Degustāciju papildina īpaši Bauskas labumi.
Uzņēmuma darbības pirmsākumos tika ražotas tā laika tradicionālās alus šķirnes: ""Marta alus"", ""Rīgas alus"" un ""Senču alus"". 1982. gadā uzņēmums sāka tagad tik pazīstamo alus šķirņu ""Bauskas gaišais"" un ""Bauskas tumšais"" ražošanu. Uzņēmums ir pazīstams ne tikai ar alu, bet arī ar bezalkoholiskajiem iesala dzērieniem ""Veselība"" un ""Porteris"".
Uzņēmumā joprojām strādā Latvijas vecākais un pieredzes bagātākais aldaris Kārlis Zālītis. Aldaris, kas par savu darbu ir apbalvots ar 5. pakāpes Trīszvaigžņu ordeni.
Dzērieni tiek ražoti pēc Kārļa Zālīša 1961. gadā izstrādātās receptūras un tehnoloģijas, kas ir šī stabilā, tautā iemīļotā dzēriena pamatā. Uzņēmums lepojas ar senajām receptēm, kas neizmanto konservantus.
Vairāk informācijas : https://bauskasalus.lv/lv/ekskursijas
Svarīgi! Ekskursijām un degustācijām jāpiesakās iepriekš!","Everyone who is interested in beer but not beer belly can now enjoy an excursion together with a degustation in the brewery “Bauskas alus”, that was founded in 1981. This is the place where the famous “Bauskas light” and “Bauskas dark” beer is brewed on a daily basis, but during degustations, 6 different kinds of beer and 3 kinds of non-alcoholic beverages are offered to the guests along with some local goods.
The beginnings of the comapny “Bauskas alus” were marked with top beer types of that time – “March beer”, “Riga beer” and “Ancestors’ beer”. In 1982, the light and dark beers that are so popular today were introduced for the first time. Not only that, but the malt beverages “Health” and “Porter” are also signature products popular today.
The barrels are still managed by the oldest and most eperienced beer brewer in Latvia – Kārlis Zālītis, who has been rewarded the national medal – “Trīszvaigžņu” or Tri-star order for his outstanding work.
“Bauskas alus” is proud about their recipes that have remained traditional ever since Kārlis Zālītis perfectionated them in 1961, allowing for their beer to be constantly beloved in the masses. Not only does the company not use any artificial conservants but also helps lift the spirits of locals of Bauska and others that enjoy the beer and other products in a good company of friends.
More information : https://bauskasalus.lv/lv/ekskursijas
Important! Excursions and degustations demand registrating beforehand!
","https://www.latvia.travel/lv/apskates-vieta/bauskas-alus-daritava, https://bauskasalus.lv/lv/ekskursijas
",Meistarklase,Workshop,tour,#FFDBEA,,,Ražotnes apskate,,,,,,,,,,"bauskas_alusdaritava, bauskas_alusdaritava_2",,,Latvia Travel,Bauska Brewery
Gusto kosmētika,"Dārza iela 12A, Bauska, Bauskas pilsēta, LV-3901","56.407767, 24.192907","Pēc kārtīgas maltītes jāpadomā arī, kā nodrošināt savu ādu ar tai nepieciešamām vielām, gluži kā vēderu. Jebkurai ādai, sejas formai un noskaņojumam ko noderīgu atrast palīdzēs pašmāju kosmētikas uzņēmums “Gusto” - ražotājs ar pārliecību, ka cilvēks ir dabas dāvana un ka dabā ir atrodams tas, kas viņam patiesi ir nepieciešams. Ražošanas procesā tiek izmantotas tikai dabiskas izejvielas, izvairoties no tradicionālajiem konservantiem un parabēniem. Interesanti, ka tiek izmantota iespējami zema temperatūra, kas nodrošina dabisko augu eļļu īpašību saglabāšanu. Lai pircējs iegūtu svaigu produktu, tiek ražotas nelielas, taču ārkārtīgi pievilcīgas porcijas ar, piemēram, mango vai upeņu krēmu, mīkstinošu lūpu balzamu un citi labsajūtai ļoti noderīgi produkti.
“Gusto” filiāle Bauskā interesentiem piedāvā ne tikai iegādāties gatavu kopšanu burciņā, bet arī apslapināt degunu radīšanas procesā pašiem, veidojot savu roku krēmu un izzinot dabīgās kosmētikas noslēpumus dziļāk.



","After a proper meal, consideration should also be given for providing your skin with the necessary substances, just like your stomach. For any skin, face shape, and mood domestic cosmetics company Gusto will be able to offer something useful, a manufacturer with confidence that human is a gift of nature and he can find there everything, that he really needs. Only natural raw materials are used in the production process, avoiding traditional preservatives and parabens. It is interesting that a low temperature is used, which ensures that the natural plant oils are not being wasted. In order for the buyer to obtain a fresh product, small but extremely attractive portions are produced with, for example, mango or blackcurrant cream, emollient lip balm and other products very useful for wellbeing. The Gusto branch in Bauska offers interested parties not only to buy ready product in a jar, but also to experience the process of creating with their own hands, creating their own hand cream and knowing the secrets of natural cosmetics deeper.","http://www.gusto.lv/par-gusto/, https://www.tourism.bauska.lv/lv/apskates-objekti/bauska/gusto-kosmetika-20",Meistarklase,Workshop,tour,#FFDBEA,,,Dabīgās kosmētikas ražotne,,,,,,,,,,"gustokosmetika, gusto_kosmetika",,,Gusto.lv,Gusto cosmetics
"Saldumu ražotne ""Poļu nams""","Draudzības iela 1, Jauncode, Codes pag., Bauskas nov.,","56.417493, 24.195153","Ar Lāča ķepas baudīšanu Bauskas gastronomiskais piedāvājums nebūt nebeidzas, jo pēc pamatēdiena, kā zināms, jāatstāj vietiņa saldajam. Kopš 2001. gada par saldo ēdienu Bauskā rūpējas ģimenes uzņēmums SIA “Poļu nams”. Galvenā produkcija iekļauj labi pazīstamos saldos riekstiņus “Saldās Pērles”, kā arī kakao un cepumu desertu  “Saldā Brunete”. Receptes ir gadu gaitā rūpīgi izkoptas, nodrošinot klientus ar tradicionālām vērtībām. Lai ar vēdera priekiem iepazītos tuvāk, tiek piedāvātas arī ekskursijas un degustācijas tūristu grupām.
Svarīgi! Tūristu grupām jāpiesakās iepriekš!

","As you already know – after the main course there always is a place for something sweet. Since 2001 the family company SIA “Polish House” has been taking care to produce delicious sweets in Bauska. The main products include the well-known caramelized nuts “Sweet Pearls” as well as cocoa and biscuit dessert “Sweet Brunette”. The recipes have been carefully refined over the years, providing customers with traditional values. Excursions and tastings for tourist groups are also offered to get a closer look at the pleasuers of the belly. Important!!! Tourist groups must apply in advance!",https://www.tourism.bauska.lv/lv/apskates-objekti/bauskas-novada/polu-nams-16 https://www.celotajs.lv/lv/e/polu_nams,Meistarklase,Workshop,tour,#FFDBEA,,,"""Saldā brunete"" ražošana",,,,,,,,,,"Saldumu_razotne_Polu_nams2, Saldumu_razotne_Polu_nams",,,Tourism Bauska,"Sweets factory ""Poļu nams"""
Sviesta karamele,"Kalna iela 7, Bauska, Bauskas novads, LV-3901","56.407198, 24.188075","Tiem, kam, apmeklējot Bausku, ļoti kņud kārais zobs, sviesta karameļu mājražotājs piedāvā iegādāties saldu karameli vai piedalīties tās izgatavošanas meistarklasēs. To laikā vadītāja ne tikai apmeklētājus prasmīgi vada cauri vijīgas karameles gatavošanas procesa vētrām un grūtībām, bet arī stāsta par cukura izcelsmi, ražošanu Latvijā, veselīgu uzturu un atziņām iz dzīves un karameles. Meistarklašu norises vieta un raksturs, kā arī izmantotie produkti atkarīgi no klienta un tiek sarunāti individuāli, tādējādi iespējams izveidot, iespējams, dabai draudzīgāko vai veselīgāko karameli pasaulē.
Svarīgi! Apmeklējums iespējams tikai grupās ar vismaz 10 dalībniekiem! Jāpiesakās iepriekš!
","For those, who visit Bauska and want to satisfy their sweet tooth, the butter caramel home producer offers to buy sweet caramel or take part in the masterclasses of its manufacture. During the process, the owner not only expertly steers visitors through storms and troubles in the process of curdling caramel, but also talks about the origin of sugar, production in Latvia, healthy diet and learning from life and caramel. The location and nature of the masterclass, as well as the products used, depend on the customer and are negotiated individually, so it is possible to create, possibly, the most natural-friendly or healthiest caramel in the world. Attention! You can only visit as the member of the group with at least 10 members! You must apply for the entrance !",https://www.tourism.bauska.lv/lv/apskates-objekti/bauska/sviesta-karamele-266,Meistarklase,Workshop,tour,#FFDBEA,,,,,,,,,,,,,"SVIESTA-KARAMELE, SVIESTA-KARAMELE2",,,Tourism Bauska,Butter Caramel
"Tautas lietišķās mākslas studija ""Bauska""","Kalna iela 6, Bauska, Bauskas pilsēta, LV-3901","56.410117, 24.184509","Apmeklējot tautas lietišķās mākslas studiju “Bauska”, tu vari uzzināt par tautas mākslas tradīcijām. Tā ir iepēja ne tikai apskatīt mūsdienīgus un senus tekstiliju darināšanas veidus, bet arī pašam izmēģināt roku aušanā!","Visiting Folk Decorative Art Studio “Bauska”, you can explore folk art traditions. The weavers are active at the museum who will help you to make a folk costume of Zemgale district by yourelf! 

",https://www.tourism.bauska.lv/lv/apskates-objekti/bauska/tautas-lietiskas-makslas-studija-bauska-36 ,Meistarklase,Workshop,tour,#FFDBEA,,,bauskas muzejā,,,,,,,,,,Tautas_lietiskas_makslas_studija_Bauska,,,Tourism Bauska,Folk Decorative Art Studio “Bauska”
"Upe - vieta, kur satikt sevi","Rīgas iela 29, Bauska","56.410607, 24.185244","Lai lietainā vai nogurušā dienā nebūtu tālu jāmeklē, lai atslābinātos un veltītu mirkli sev, Bauskā tiek piedāvāta iespēja pašam pagatavot sapņu skrubīti savām mājas Spa procedūrām. Gatavošanas procesā tiek pagatavoti trīs skrubji ar paša izvēlētu smaržu, krāsu un tekstūru. Par pamatu tiek izvēlēti dabīgi produkti, pievienojot ēteriskās eļļas, kokosriekstu eļļu, pārtikas krāsvielas, sausos ziedus, kā arī rūpes, mīlestību un kādu asprātīgu joku.
Gatavošanas process ilgst līdz pusotrai stundai, bet gala rezultāts Jūs un Jūsu tuvos priecēs vismaz mēnesi, dāvājot neaizmirstami maigas atmiņas par mīkstu un labi koptu ādu. Maksa 10.00 eur no personas.
Burbuļbumbu meistarklase
Lai aizskalotu pēdējās aukstuma paliekas, kas būs kādā stūrītī aizķērušās no pērnās ziemas, ir nepieciešama kārtīga izburbuļošanās karstā vannā. Svarīgāko sastāvdaļu – burbuļbumbu varēsiet atrast Bauskā. Izmantojot dabīgos materiālus un par pamatu ņemot kokosriekstu eļļu, tiek izgatavotas ne tikai burbuļbumbas, kas ideāli piemērotas gan vannām, gan kāju un roku mērcēšanai savā mājas Spa, bet arī iegūta vērtīga pieredze un zināšanas par izejvielām un procesa norisi.
Meistarklases ilgums līdz pusotrai stundai, toties iegūtais meistara statuss - uz mūžu! Turklāt karstas burbuļvannas vairākām reizēm. Maksa 7.00 eur no personas.

Svarīgi! Nepieciešama iepriekšēja pieteikšanās!

","When it is raining or after a tiring day, Bauska is the right place to take a relaxing break for yourself and prepare a dream scrubs for you home SPA day procedures. Masterclass involves creating three scrubs with your own selected fragrances, colours and textures. Only natural products, essential oils, coconut oil and dried flowers as well as care and love are used in the hour-long process of making scrubs. The result will not only bring joyful memories but also nurtured and soft skin. Price 10EUR per person.
Taking a hot bubble bath is the best way how to wash away last bits of cold that have been left from winter. The most important thing – bath bomb you can make in Bauska. When creating you own natural bath bomb, you also get new experience about ingredients and the creation process. In the 1.5 hour long process, most importantly, you gain hot bubble baths for several times. Price 7EUR per person.
Important note: booking required",https://www.tourism.bauska.lv/lv/apskates-objekti/bauska/upe-vieta-kur-satikt-sevi-271,Meistarklase,Workshop,tour,#FFDBEA,,,Skrubju un burbuļbumbu meistarklase,,,,,,,,,,"Upe_vieta_kur_satikt_sevi, skrubjumeistarklase2, skrubjumeistarklase",,,Tourism Bauska,The river - a place to meet yourself
Bauskas motormuzejs,"Sarkanmuiža 6, Codes pag., Bauskas novads, LV-3901","56.415064, 24.180586","Interesē mašīnas? Bauskas motormuzejā ir aplūkojama plaša vieglo un smago automobiļu kolekcija. Tā iepazīstina ar 20. gadsimta auto un moto vēsturi, padomju pilnpiedziņas automobiļiem, unikāliem RAF spēkratiem un II Pasaules kara kaujas mašīnām.","Interested in cars? The Bauska Motor Museum has an extensive collection of various types of cars. It introduces the automobile and moto history of 20th century, including Soviet all-wheel drive vehicles, unique RAF vehicles and World War II vehicles.",http://www.motormuzejs.lv/index.php/par-museju-ba,Muzejs,Museum,museum,#FFF05A,Vēsturiski objekti,Historical objects,"vieglo un smago auto, militārās tehnikas kolekcija",,,,,,,,,,"motormuzejs, motormuzejs2, motormuzejs3",,,Motomuzejs,Bauska Motor Museum
Bauskas muzejs,"Kalna iela 6, Bauska, Bauskas pilsēta, LV-3901","56.410264, 24.184411","Kurš gan negribētu kaut uz mirkli nokļūt pagātnē, lai sajustu tā laika atmosfēru? Bauskas muzejs spēj izdarīt neiespējamo un atgriezt tevi pagājušajā gadsimtā! Vēsturiskā ekspozīcija ""Bauska laikā un cilvēki Bauskā 20.gs."" dod iespēju nokļūt Bauskā daudzus gadu desmitus tālā pagātnē un piedalīties piedzīvojumā kopā ar ielas muzikantu, tikšanos ar vēsturiskiem personāžiem, kopīgu sadziedāšanos u.c. izdarībām. Muzejā ir apskatāmas arī citas ekspozīcijas - 20. gs. leļļu un rotaļlietu kolekcija un izstāde „Zudušie baušķenieki” (par Bauskas ebreju, vāciešu un krieviņu – votu vēsturi).","Who wouldn't want to go to the past for a moment to feel the atmosphere of that time? Bauska Museum can do the unimaginable and bring you to the last century!The historical exposition ""Bauska and People in Bauska in the 20th Century"" gives the opportunity to get into the past of Bauska and participate in an adventure with a street musician, meet historical figures, sing and do other activities. There are also others expositions - the 20th century collection of dolls and toys, as well as the exhibition ""Lost Baušķenieki"" (about the history of Bauska Jewish, German and Kreevins).",http://www.muzeji.lv/lv/museums/museum-of-bauska/,Muzejs,Museum,museum,#FFF05A,Vēsturiski objekti,Historical objects,,,,,,,,,,,"bauskas_muzejs, bauskas_muzejs_2",,,Muzeji.lv,Bauska Museum
"Dabas taka dabas parkā ""Bauska""","Pilskalns, Bauska, Bauskas nov.","56.406766, 24.179908","Lai izlocītu kājas un pamielotu acis pie krāšņās Lielupes satekas, labos laikapstākļos iespējams sekot dabas takai dabas parkā “Bauska”. Tā sākas Bauskas vecpilsētā Mēmeles kreisajā krastā, aiz Dambja un Rūpniecības ielas krustojuma, pa pilskalna teritoriju turpinās līdz Ķirbaksalai, no kuras viltīgi apmet loku un gar Mūsas labo krastu ved atpakaļ Bauskas vecpilsētā. Veicot šo pārgājienu, iespējams apskatīt gan Mēmeles krāčaino līkumu, gan dolomīta atsegumus, veco dambi un Lielupes sākumu, gan arī pārbaudīt savu izturību. Bauskas dabas parkā un tā apkārtnē atrodas vairāki vietējai ekosistēmai svarīgi un kultūrvēsturiski objekti, piemēram, vimbu un upes nēģu nārsta vietas, vecās ūdensdzirnavas, kā arī vietējo iedzīvotāju pulcēšanās un satikšanās vietas. Runā, ka tas, kas rītausmā izskalo acis ar Lielupes satekpunkta ūdeni, skaidrāk saredz dzīves patiesības.
Jāņem vērā: taka nav pieejama festivālu un dažādu pasākumu laikā, kuri notiek Bauskas dabas parka teritorijā! No novembra līdz maijam taka pieejama daļēji, jo tiek noņemts tilts, kas savieno Ķirbaksalu ar pilskalna teritoriju, taču tad var sevi izaicināt šķērsot upi kājām vai pa gaisu!","If the weather is good enough, a feast for the eyes and exercise for the legs will be guaranteed at the nature trail in nature park “Bauska”. The path begins at the Bauska oldtown where Dambja and Rūpniecības streets cross, and it continues along the river Mēmele in the territory of Bauska castle until Ķirbaksala island. There it turns around to lead back along the waters of Mūsa. While walking the path, one can see many interesting objects, such as the confluence of Mūsa and Mēmele that creates Lielupe River, the old Lielupe dam and even some raw dolomite. In the nature park “Bauska” and its surroundings are located many objects that have a significant impact on the local ecosystem, for example spawning sites of lamprey and other fish, old watermill as well as a meeting point for the locals. There are rumours that those who wash in the water of Lielupe at the dawn, see the secrets of life clearer.
Important : in the summer nature park “Bauska” hosts different events and festivals, during which the trail is not available. Also, from November until May the trail is only partially open, as the bridge leading to Ķirbaksala island is closed. However, this presents an interesting challenge for those who like to swim or conquer the island by other means.
",https://www.tourism.bauska.lv/lv/apskates-objekti/bauskas-novada/dabas-taka-bauska-89,Objekts brīvā dabā,Attraction point outside,object,#C0ED58,,,,,,,,,,,,,"dabastaka, dabastaka2",,,Tourism Bauska,Nature trail in Bauska Nature Park
Keramikas mozaīkas ar ūdens un zivs motīviem,"Strautnieku iela, Bauska, Bauskas novads","56.410775, 24.182949","Ejot pa Bauskas vecpilsētas ielām un ieraugot zīmi “Ienāc pagalmā”, nav jābīstas no domas par to, kas tur varētu sagaidīt, bet gan jāiet iekšā! Tur gaidīs mūra šķūnītis, bet ne tāds kā citi šķūnītši. Vairāk nekā 50 vietējie uz tā sienas izveidojuši iespaidīgu mākslas darbu – mozaīkas tehnikā veidotu panno. Kas tas par zvēru – panno? Vai kas tie par zvēriem tajā? Dodies un apskati!

","Walking along the streets of Old Town of Bauska and seeing the “Enter the yard” sign, don’t take your time to be afraid of what to expect, just go inside! There you will find a barn waiting, but remember it’s not just another casual barn. More that 50 locals have created an impressive piece of art on its wall- a mosaic-based panno. You may ask- what even is panno? Take a look to find out!
",https://www.tourism.bauska.lv/lv/apskates-objekti/bauska/keramikas-mozaikas-ar-udens-un-zivs-motiviem-255,Objekts brīvā dabā,Attraction point outside,object,#C0ED58,,,,,,,,,,,,,"mozaika1, mozaika2, mozaika3",,,Tourism Bauska,Ceramic mosaics with water and fish motive
Korfa dārzs,"Dārza un Salātu ielas krustojums, Bauska, Bauskas novads","56.409932, 24.197058","Aktīva vietējo iedzīvotāju tikšanās vieta, bērnu brīvā laika stūrītis un apzinīgu suņu saimnieku paradīze – tas ir Korfa dārzs Bauskas sirdī. Atpūtas vieta, kas iekļauj apstādījumus, dīķi ar strūklaku un soliņus plašā zālienā ar neiztrūkstošiem atpūtniekiem un Bauskas nesteidzīgo ikdienu. Netālu atrodas arī rotaļu laukums bērniem. Pašlaik vienīga saglabājusies ēka parkā ir bijušās muižas dzīvojamā ēka, kuru papildina netālu esošais piemineklis Bauskas mēram un tirgotājam K. V. Krauklingam (1805). Kādreiz viņš pildījis Drēzdenes Karaliskā Vēstures muzeja direktora pienākumus un labi saticis ar pazīstamiem vācu rakstniekiem, piemēram, Johanu Volfgangu fon Gēti. Interesanti, ka dīķa sētiņu 2014. gadā apgleznojuši Bauskas mākslas skolas audzēkņi, spilgti attēlojot mazā dīķīša zemūdens pasauli.","A place where the locals meet to chat, a free time corner for the children and a paradise for owners of dogs and other animals – that is Korff’s park in the heart of Bauska. It is a relaxation a nd recreational spot, where one can find both wide lawns and other greenery, a small pond with a fountain, with locals and the peaceful everyday life of Bauska in sight. Not far away a small playground entertains children all year around. The only building left to this day in the park is the former mansion's dwelling house. The monument of merchant and mayor of Bauska K.V. Kraukling (1805) can also be found in the Korff's park. He was the director of the Dresden Royal Museum of History and was friend of prominent German writers, for example, Johann Wolfgang von Goethe.
Interestingly, in 2014 the fence of the pond was decorated by the local children of Bauska Art school. It was their job to investigate the underwater world and represent it with their art, and the results were not disappointing!
",http://www.bauskasdzive.lv/vietejas-zinas/bauskas-makslas-skolas-audzekni-izdailo-korfa-darza-dika-apkartni-112683,Objekts brīvā dabā,Attraction point outside,object,#C0ED58,,,,,,,,,,,,,korfadarzs,,,Bauskas Dzīve,Korff’s park
Ķirbaksalas tālākais gals,,"56.402595, 24.161545","Vietai kļūstot pieejamākai, cilvēki to apmeklē aizvien biežāk, tomēr, ja paveicas, koka galdiņš ļauj piesēst ar draugiem un papusdienot, fonā tikko sadzirdami urdzot mierinošām ūdens čalām. Vai tikai šī nav īstā, dabiskā Mūsas un Mēmeles sateka Bauskā?",,,Objekts brīvā dabā,Attraction point outside,object,#C0ED58,,,,,,,,,,,,,kirbaksala,,,,The Farthest Point of Ķirbaksala
Pētera I akmens,"Kalēju iela, Bauska, Bauskas novads","56.407079, 24.180977","Plaši pazīstams sarkans lielkristāliska granīta akmens, kas apvīts dažādām teikām. Ziemeļu kara sākumā uz akmens esot brokastojuši un pat spēkiem mērojušies Krievijas cars Pēteris I un Polijas karalis Augusts II Stiprais. Pēc citas teikas akmeni šurp ar ratiem atvedis Velns. Akmens izmēri: 3,4 x 2,3 x 1,1 m, apkārtmērs 9,3 m.","Well-known red granite stone wrapped with legends. In the beginning of the Great Northern War the stone was used as breakfast table. Even Russian tsar Peter I and Poland’s king Augustus II the Strong have challenged their strength by using the stone. Other legend tells that devil has brought the stone by cart. Stone’s measurements: 3,4 x 2,3 x 1,1 m, girth 9,3 m.",https://www.tourism.bauska.lv/lv/apskates-objekti/bauska/petera-i-akmens-12,Objekts brīvā dabā,Attraction point outside,object,#C0ED58,,,,,,,,,,,,,"peterapirmaakmens1, peterapirmaakmens2",,,Tourism Bauska,Stone of Peter the Great
Piemiņas vieta – Sinagogas dārzs,"Rīgas ielas un Pasta ielas stūrī, blakus Rātslaukumam","56.410874, 24.186253","Kopējā memoriālā platība aizņem precīzi tādu pat laukumu, kādā savulaik atradās Bauskas Lielā sinagoga, akmens tēli simbolizē ebrejus, kas iznāk no dievnama pēc dievkalpojuma. Memoriāla centrā ir simboliska bima, uz kuras rakstīts: „Veltījums Bauskas ebrejiem, kas gadsimtiem dzīvoja šeit un cēla šo pilsētu, un kurus 1941. gadā nogalināja nacisti un viņu vietējie palīgi. Godinot ebreju tautas piemiņu – Bauskas ebreju pēcteči un baušķenieki”.Piemiņas memoriāls „Sinagogas dārzs” izveidots, pateicoties Bauskas ebreju pēcteču Izraēlā, ASV un Lielbritānijā iniciatīvai un ziedojumiem un Bauskas novada domes un Latvijas Ebreju draudžu un kopienu padomes atbalstam. Piemiņas vietu projektējis un izveidojis tēlnieks Ģirts Burvis, kas ir arī V.Plūdoņa pieminekļa autors. ","The total memorial area occupies exactly the same area as once did the Great Synagogue in Bauska. The stone figures in this area represents Jews leaving the church after worship. At the center of the memorial is a symbolic bime that reads: ""A tribute to the Bauska Jews who lived here for centuries and raised this city, who were killed in 1941 by the Nazis and their local aides. In honor of the Jewish people - Bauska Jewish Descendants and Believer. The memorial site was designed and created by sculptor Ģirts Burvis, who is also the author of the V.Pludonis monument.

",https://www.tourism.bauska.lv/lv/apskates-objekti/vides-objekti-pieminekli/pieminas-vieta-sinagogas-darzs-249,Objekts brīvā dabā,Attraction point outside,object,#C0ED58,,,,,,,,,,,,,"sinagogas_darzs2, sinagogas_darzs",,,Tourism Bauska,Memorial Place - Synagogue garden
Vides objekts - Lielupes sākums,"Ķirbaksala, Bauska, Bauskas novads","56.403220, 24.163852","Ja kādam Bauskas apmeklētājam ir paslīdējis garām, ka tieši pie Bauskas sākas gan Lielupe, gan aizraujoši piedzīvojumi, Ķirbaksalas sākumā, tieši pārejot tiltu, atrodams vides piemineklis, kas simbolizē Mūsas un Mēmeles sateci Lielupē. Objekta idejas autore  - arhitekte Sandra Smolija, kalumu autors Gints Kairēns, izpildītājs SIA ""Vides serviss"". Objekts uzstādīts 2019.gada vasarā un nepacietīgi gaida interesentus un interesantu stāstu aizsākumu. ","If somehow you have still missed the fact that right in Bauska one can find both the start of Lielupe and some exciting adventures, right after crossing the bridge to Ķirbaksala, you can visit a monument to the confluence of Mūsa and Mēmele into Lielupe. The idea of architect Sandra Smolija was brought to life by artist Gints Kairēns, with the help of SIA “Vides serviss”. The object is still new – it was born in summer 2019 and still awaits the beginning of interesting tales and adventures.",https://www.tourism.bauska.lv/lv/apskates-objekti/bauska/vides-objekts-lielupes-sakums-275,Objekts brīvā dabā,Attraction point outside,object,#C0ED58,,,,,,,,,,,,,"lielupes_sakums, lielupes_sakums_2",,,Tourism Bauska,Natural Object - the Beginning of Lielupe
Vides objekts - Rožu aleja,"Rīgas iela posmā no Bauskas muzeja līdz Sv. Gara baznīcai, Bauska","56.409969, 24.182351"," Nekas tā neizpušķo dzīvi kā milzīgas rozes! Tagad katrs var izdaiļot savus atpūtas mirkļus Bauskā, apmeklējot Rīgas ielu. Posmā no Bauskas muzeja līdz Sv. Gara baznīcai, Latvijas simtgadei tuvojoties, biedrība „Meistars Gothards” īstenoja projektu „Uzziedam kopā!”. Projekta gaitā, radošās aktivitātēs iesaistoties Bauskas un visu astoņu pagastu iedzīvotājiem, tika izšūti rožu dekori vairāku desmitu kvadrātmetru lielumā un veikta brīnišķīga investīcija, kas nes augļus, piesaistot Bauskai dažādus apmeklētāju ziedus. Šīs rozes Bauskā ir vienīgās, kas ar saviem ziediem priecē visa gada garumā!
",Nothing makes life more beautiful than roses. Now everyone can make their moments in Bauska more special while walking through Rīgas street. The project „Uzziedam kopā!” in which locals participated has brought tens of square meters huge embroided rose decors in Bauska located on the way from Bauska museum to the lutheran church of holy spirit. These are the only roses in Bauska that bloom through out year!,https://www.tourism.bauska.lv/lv/apskates-objekti/bauska/vides-objekts-rozu-aleja-246,Objekts brīvā dabā,Attraction point outside,object,#C0ED58,,,,,,,,,,,,,"rozes1, rozes2",,,Tourism Bauska,Art Object - Rose Alley
Mūsas gājēju tilts,,"56.400200, 24.197445","Viens no diviem gājēju tiltiem Bauskā, ko vietējie mēdz dēvēt par pontonu tiltu. Doma var iešauties prātā: “Tas taču nav pontonu tilts.” Nav gan, toties agrāk bija. Tas ticis vairākkārt pārbūvēts, un, lai gan tilts jau sen kā cits, nosaukums vēl šad tad dzirdams. Tiek saukts arī par Bērzkalnu tiltiņu.","One of the two footbridges in Bauska which locals call the pontoon bridge. You might think: ""It's not a pontoon bridge!"" You are right, but it used to be. Although the bridge has been rebuilt several times, the name remains the same. It is also called Bērzkalni Bridge.",,Objekts brīvā dabā,Attraction point outside,object,#C0ED58,,,,,,,,,,,,,"musas_tilts1, musas_tilts2",,,,River Mūsa Footbridge
Dolomīta atsegumi,,"56.402975, 24.173652",Iežu interesentus Mūsas upes krastā atradīs dolomītu atsegumus.,Rock enthusiasts will find dolomite outcrops on the banks of the Musa River.,,Objekts brīvā dabā,Attraction point outside,object,#C0ED58,,,,,,,,,,,,,atsegumi,,,,Dolomite outcrops
Ūdensdzirnavu dambja paliekas,,"56.408167, 24.177422","Savulaik Bauskā atradās veselas divas dzirnavas - Lejas un Augšas. Latvijas pirmās neatkarīgas gados tās kopā nodrošināja visu Bausku ar elektrību. Uzņēmumu ēkas vairākkārt degušas, un Otrā pasaules kara laikā dzirnavu dambis tika sagrauts. Šobrīd upē redzamas Lejas ūdensdzirnavu dambja atliekas, savukārt ēkas ir tukšas un netiek izmantotas.","At one time there were two mills in Bauska – Upper and Lower. During the first independent years of Latvia they together supplied all of Bauska with electricity. Business buildings burned repeatedly, and during the Second World War the mill dam was destroyed. At present, the remains of the Lower Watermill Dam are visible in the river, while the buildings are empty and unused.",,Objekts brīvā dabā,Attraction point outside,object,#C0ED58,,,,,,,,,,,,,dambis,,,,The remains of a watermill
Pastkarte no Bauskas,,"56.403812, 24.176999","Bilžu mīļotājiem un atmiņu iemūžinātājiem šī ir vieta, kas jāapmeklē. Šai vietā ir pastkarte no Bauskas – ideāla vieta atpazīstamai fotogrāfijai no Bauskas, kurā ir atrodams arī novēlējums no vietējiem.","For photo and memory lovers, this is a place to visit. This place has a postcard wiev from Bauska - the perfect place for a recognizable photo from Bauska, which also has a wish from the locals.",,Objekts brīvā dabā,Attraction point outside,object,#C0ED58,,,,,,,,,,,,,pastkarte,,,,Postcard from Bauska
Pilskalna estrāde,,"56.403881, 24.170522",Kur notiek daudzi koncerti un festivāli un kur var iejusties skatuves mākslinieka lomā? Bauskas pilskalna estrādē.,Where do many concerts and festivals take place and where can you play the role of a performing artist? Bauska castle mound stage.,,Objekts brīvā dabā,Attraction point outside,object,#C0ED58,,,,,,,,,,,,,,,,,
"Skulptūras ""Bauskai 390""",,"56.409475, 24.185602",Šai vietā slejas trīs skulptūras par godu Bauskas 390. dzimšanas dienai,There are three sculptures on this site in honor of Bauska's 390th birthday,,Objekts brīvā dabā,Attraction point outside,object,#C0ED58,,,,,,,,,,,,,"skulptura1, skulptura2",,,,"Sculptures ""Bauska 390"" "
"Skulptūras ""Bauskai 390"" Korfa dārzā",,"56.410373, 24.197488",Skulptūras var atrast Korfa dārzā.,The sculptures can be found in the Korff's Garden.,,Objekts brīvā dabā,Attraction point outside,object,#C0ED58,,,,,,,,,,,,,,,,,"Sculptures ""Bauska 390"" in the Korff's Park"
Gājēju tilts pār Mēmeli,,"56.414238, 24.199880","Mazs koka tiltiņš, kas ved pāri vienai no divām Bauskas upēm. Atrodas pilsētas nomalē un patālāk no lielākās daļas citu objektu un trauksmainajām ielām. Klusumā un mierā, kas valda pie tiltiņa, saulriets šķiet jo īpaši maģisks.","A little wooden bridge over one of the two rivers flowing through Bauska. It is located farther away from most of the other objects, as well as the busiest streets of Bauska. This silence and peace that surround the bridge makes it a perfect place to watch the sunset and feel the magic. ",,Objekts brīvā dabā,Attraction point outside,object,#C0ED58,,,,,,,,,,,,,tiltsparmemeli,,,,River Mēmele Footbridge
Brīvības piemineklis,"Brīvības bulvāris, Bauska, Bauskas novads","56.404444, 24.178789","Bauskai ir ne tikai savi baušķenieki, savas dziesmas un stāsti, bet arī savs Brīvības piemineklis, kas ir par Bauskas iedzīvotāju un organizāciju ziedojumiem celts piemineklis Latvijas brīvības cīņās kritušo kareivju piemiņai. Pamatakmens likts 1928. gada 28. jūlijā. Sākotnējais akmens piemineklis pēc Ed.Kuraua firmas dizaina no Somijas granīta izgatavots vietējā akmeņkaļa J.Sieriņa darbnīcā, taču tagadējo izskatu ieguvis pēc krietna laika - 1992. gada 18. novembrī - , kad uz akmens pieminekļa uzstādīta senlatviešu karavīra bronzas skulptūra. To pēc tēlnieka Kārļa Jansona meta veidojis viņa dēls Andrejs Jansons. Piemineklī iekalti četru kritušo karavīru vārdi, vienā pusē teksts ""Par Latvijas brīvību kritušiem 1915-1920"", otrā pusē Plūdoņa rindas ""Tik tas ir liels, kas spēj priekš citiem mirt. Kam ausis dzirdēt, tas lai dzird!"". Pie šī pieminekļa jāatminas Latvijas vēsture, cīņas, kam nācies kļūt par mūsu mantojuma daļu. Ne velti visā Latvijā atrodami dažādi pieminekļi tieši Brīvības cīņām, sīkāku info par tiem var atrast http://doc.mod.gov.lv/brivibascinas/.  
Brīvības pieminekļa pamata pakājē apbedīti 1) Alberts Uziņš, Bauskas apriņķa komandatūras kareivis. 2) Ivans Rimlips, 3. Jelgavas pulka kareivis, miris 1919. gada 1. decembrī. 3) Juris Hazenfuss, 4. Valmieras kājnieku pulka III rotas kaprālis, kritis Bauskā 1919. gada 17. novembrī. 4) Nezināms Latvijas kareivis, kritis Bauskā 1919. gada 17. novembrī.
Interesanti, ka pamatos ievietota kapsula ar ziņojumu nākamajām paaudzēm par pieminekļa celtniecību, tā laika Latvijas monētām un jaunākajiem Bauskas laikrakstiem.
","Bauska not only has its own people, their songs and stories, but it also has its own Freedom Monument, which is dedicated to the fallen soldiers in The Battle of Freedom in Latvia. It is built from donation money that Bauskas residents and organizations has provided. The foundation stone was laid on July 28, 1928, and the original stone was designed by Ed. Kuraua from Finnish granite made in local stoneware J Sieriņš workshop, but has aquired its present appearance quite a while later, on November 18, 1992, when an ancient Latvian soldier's bronze sculpture was mounted on the stone monument. It was created by his son Andrei Janson after the sculpture of Karl Janson. The monument carries the names of four fallen soldiers, on one side the text ""On the Fallen of Latvian Freedom 1915-1920"", and on the other side the line of Pludonis ""Such a great one is able to die for others. This monument must remember the history of Latvia, the struggles that have become part of our heritage. It's easy to find various monuments to the Freedom Fight all over Latvia, you can find more detailed information at http://doc.mod.gov.lv/brivibascinas/. At the base of the Freedom Monument are buried 1) Alberts Uziņš, Commander of Bauska District Command. 2) Ivan Rimlip, soldier of the 3rd Jelgava Regiment, who died on December 1, 1919. 3) Juris Hazenfuss, Corporal of the 3rd Company of the 4th Valmiera Infantry Regiment, who died in Bauska on November 17, 1919. 4) Unknown Latvian soldier, killed in Bauska on November 17, 1919. Interestingly, a capsule with a message to future generations on the construction of the monument, Latvian coins of the time and the latest Bauska newspapers was placed in the basement. "," https://www.tourism.bauska.lv/lv/apskates-objekti/bauska/brivibas-piemineklis-13, https://lv.wikipedia.org/wiki/Bauskas_Br%C4%ABv%C4%ABbas_piemineklis",Piemineklis,Monument,monument,#FFF05A,Vēsturiski objekti,Historical objects,,,,,,,,,,,brivibas_piemineklis,,,"Tourism Bauska, Wikipedia",Freedom Monument
V. Plūdoņa piemineklis,"Plūdoņa iela 21, Bauska, Bauskas pilsēta, LV-3901","56.410621, 24.189208","“Tev mūžam dzīvot, Latvija, Kā saulei, kas mirdz debess klajā!” Šīs rindas ir atrodamas uz pieminekļa, kas veltīts latviešu izcilam dzejniekam V. Plūdonim. Piemineklis ir veidots kā lapa, no kuras iznāk paša V. Plūdoņa figūra. Dzejnieks ar skatu pavada gulbjus lidojam un baušķeniekus, kas nāk lasīt viņa dzeju.","“Tev mūžam dzīvot, Latvija, Kā saulei, kas mirdz debess klajā!” (Latvia, you will live forever, like the sun that shines in the sky). These lines can be found on a monument dedicated to the famous Latvian poet V. Plūdonis. The monument has a shape of a page from which the poet's figure comes out. Plūdonis watches the swans fade into the distance and people who come to read his poetry.",https://memorialservices.lv/lv/vila-pludona-piemineklis,Piemineklis,Monument,monument,#FFF05A,Vēsturiski objekti,Historical objects,,,,,,,,,,,pludonis,,,Memorial Services,Monument of Vilis Plūdonis
Bauskas pils,"Pilskalns, Bauska, Bauskas novads, LV-3901","56.403374, 24.174237","Neapšaubāmi iecienītākais tūristu galamēķis Bauskā – pils. Teikas par šo pili joprojām ir dzīvas un nakts tumsā vilina drosminiekus uz pilskalnu. Pilij ir divas daļas.
Vecākā daļa – Livonijas ordeņa pils – celta 15. gadsimta vidū, taču no tās līdz mūsdienām saglabājušās tikai drupas, tādēļ apmeklētājiem darbīgāk jāgriež iztēles zobrati. Šī celtnes daļa ir vienīgais speciāli uguns šaujamo ieroču lietošanai celtais Livonijas ordeņa cietoksnis un raksturo 15.–17. gadsimta militāro būvju arhitektūru Latvijā.
Jaunākā pils ansambļa daļa ir Kurzemes hercogu Ketleru rezidence, un tā būvēta 16. gadsimta beigās. Kā ar bastioniem, aizsardzības sienām un zemes vaļņiem nocietināta rezidences tipa pils, jaunākā pils daļa noteikti iedveš romantiskāku un intīmāku noskaņu, bet pils dažādie, mainīgie raksturi viens otru papildina, tādēļ katrs var atrast ko interesantu tieši savai acij. Tā tikusi atjaunota, tādēļ skatāma vēsturiski precīza un ir labā stāvoklī.
Jāpiemin, ka Bauskas pils ansamblis ir vienīgais arhitektūras piemineklis Latvijā, kas ilustrē manierisma laika piļu arhitektūras un lietišķi dekoratīvās mākslas izpausmes Kurzemes hercogistē, kas šo vietu par īpaši gardu kumosiņu padara visiem tiem, kuri interesējas par Ketleru dzimtu, kā arī Kurzemes hercogistes periodu Latvijas vēsturē.
Apmeklējot Bauskas pili, iespējams gan iedziļināties zināšanās un vēstures liecībās, apskatīt telpu interjeru un dažādas ekspozīcijas, izstādes ""Tērps un rotas Kurzemes hercogistē, 1562–1620"" un ""Bauskas pils – militārs nocietinājums"" hercogu rezidences daļā. Īpaši kareivīgajiem izrādīta tiks arī viduslaiku cietokšņa aizsardzības sistēma un pils lielgabalu kolekcija.","The castle of Bauska is located on a picturesque peninsula between the conjunction of rivers Mūsa and Mēmele. Tales about this old place are still alive and attract brave adventurers to seek out trouble under the cover of nightly darkness.
The architectural ensemble of Bauska Castle consists of two parts. The oldest- Livonian Order Fortress -  is built in 15th century; however, today one can only see ruins. The sight triggers imagination to travel back in time and try to envision the past days of what is now only a leftovers. In its prime of life it was the only Livonian Order fortress built specifically for using fire powered weapons, but today it still represents the art of militar architecture in the 15th-17th century in the territory of Latvia. The other part of the castle was added in the end of the 16th century as the residence of Dukes of Courland. As it is fortified with walls and bulwarks to protect the residents, the newest part offers more intimate atmosphere. The both parts of the castle are different, but supplement each other so that everyone can find something interesting.
It has to be noted that the castle of Bauska is unique as it is the only architectural monument in Latvia that illustrates the expressions of renaissance and mannerism architecture and decorative arts in the Duchy of Courland, making this destination especially attractive for everyone interested in history.
Returning back to these days, in the 1970’s work was started on renvating the newest part of the castle with a goal to include this historical, architectural and archeological monument of national importance  in the tourism flow as well as introduce exhibitions about the buildings in a historical context. Therefore, now the castle can be visited in a good physical and historically precise state.
While at Bauska Castle, one can indulge in historical artifacts and gain knowledge, look into the ancient interior designs and visit exhibitions, such as “Costumes and jewelry in the Duchy of Courland, 1562-1620” and “Bauska Castle – a military fortification”. Those interested in weaponry can also examaine the castle’s collection of firearms. One can also take part in the educational program “The Culture of the Court Life at the end of the 16th- first half of the 17th century"". There are regular concerts of classical music in the castle. All of these events will allow any visitor to catch the feeling of the life of an 17th century nobleman or noblewoman and learn something new and exciting.
Interesting fact – a virtual model of the Bauska Castle is available here http://bauskaspils.lv/lv/virtuala-ture/panorama 
Information about the prices and additional services : http://bauskaspils.lv/lv/pakalpojumi
Important! An early registration is needed for booking a guide or an excursion!
",https://www.latvia.travel/lv/apskates-vieta/bauskas-pils,Pils,Castle,castle,#FFF05A,Vēsturiski objekti,Historical objects,,,,,,,,,,,"bauskaspils1, bauskaspils2, bauskaspils3","Latvia Travel, draugiem.lv
","https://www.latvia.travel/lv/apskates-vieta/bauskas-pils, https://www.draugiem.lv/bauskaspils/",Latvia Travel,Bauska Castle
Bauskas rātsnams,"Rātslaukums 1, Bauska, Bauskas novads, Lv-3901","56.410104, 24.185889","Vēstures izskatu, smaržu un garšu var sajust Bauskas vecpilsētas atjaunoto namu fasādēs, sevišķi Bauskas Rātsnamā. Tas celts 17.gs. sākumā, līdz 1740. gadam tas bija lielākais Kurzemes un Zemgales hercogistē un viens no lielākajiem Latvijā. Atbilstoši šādas nozīmīgas ēkas galvenajām funkcijām, tās pagrabā glabājās vīns, pirmajā stāvā atradās rātes kalpotāja dzīvoklis un pilsētas svari, bet otrajā stāvā – rātes sēžu telpa un maģistrāta darba telpas. Kopš celtnes pirmsākumiem varas maiņu un vēsturisku līkloču rezultātā ēka cietusi un vairākkārt atjaunota. Arī šobaltdien Bauskas Rātsnams godam pilda ārkārtīgi svarīgus pienākumus – laipni gādā par Bauskas Tūrisma informācijas centra telpām un uztur interaktīvo izstādi ""Sver un mēri Bauskā"". Tās ietvaros apmeklētājiem pieejams stāstījumus par Bauskas rātsnamu, senajiem svariem un mēriem Kurzemes un Zemgales hercogistē, kā arī pēc pusdienām ar Lāča ķepu iespējams nosvērties un mērīties senajās mērvienības, kas izmantojot tikai fizikas likumus, piedāvās neredzētu (ne)precizitāti. Apmeklētājiem tiek izsniegts sertifikāts, kas uzrāda prasmes un zināšanas par vēsturiskajām mērīšanas metodēm un vienībā, turklāt apmeklētāja svars kā sensitīva informācija dokumentā iekļauts netiek.
Svarīgi! Tūristu grupas 2. stāva interjeru var apskatīt tikai gida pavadībā, piesakoties iepriekš! Individuāliem interesentiem rātsnama interjera ekspozīcija pieejama katra mēneša pirmajā svētdienā.

","If the taste of Bauska food can be found at the cozy cafes then the taste, smell and appereance of Bauska’s history can be found on facades of the renovated buildings, especially the Bauska Town Hall. It is built in the beginning of the 17th century and until 1740 was the largest town hall in the Kurzemes and Zemgales municipalities (Duchy of Courland). The facilities of this important building were equally important – a small wine cellar, the first floor apartment for the head of the town’s governing body and the scales of the town and second floor rooms of sittings of the Town Hall and the work premises of the Municipality. The important events to the town were announced from the town from the tower bell. Since the construction of the building, it has been damaged severely by the harsh historical events and passing time, but there have been also many successful renovation attempts, last one on 2011. Today The Bauska Town Hall hosts Bauska Tourism Center and the interactive exposition “Weights and Measures”. It offers the visitors learn about the history of the Bauska Town Hall, ancient scales and measuring methods in the Kurzemes and Zemgales municipality (Duchy of Courland) as well as to weigh and measure the visitors after lunch in one of Bauska’s cafes using the old methods that offer unique precision. After a very interesting afternoon the visitors will be granted a certificate that serves as evidence about the newly-learned information; furthermore, the actual weight of the visitors will not be included in the document as that is perceived as sensitive information.
Important! Tourist groups can only visit the second floor together with a guide and by registering before! Individual visitors can only visit the second floor on the second Sunday of each month.
"," https://www.latvia.travel/lv/apskates-vieta/bauskas-ratsnams, https://sites.google.com/view/bauskasratsnams/interjera-ekspoz%C4%ABcija",Rātsnams,Town Hall,town_hall,#FFF05A,Vēsturiski objekti,Historical objects,,,,,,,,,,,"bauskas_ratsnams, bauskas_ratsnams_2",,,Latvia Travel,Bauska Town Hall
Bauskas miestiņš un citi labumi,"Pionieru iela 1K-1, Bauska, LV3901","56.406524, 24.189548","""Bauskas miestiņš un citi labumi"" piedāvā Bauskas alus produkciju pilnā sortimentā. Var iegādāties arī Kroņa, Iecavnieka, Poļa nama produkciju, Bauskas amatnieku darbus, kā arī mājražotāju labumus – tējas, garšvielas, sviesta karameles, medu, smiltsērkšķu sulu un džemu. ","Shop ""Bauskas miestiņš un citi labumi"" offers a full range of Bauska beer products. You can also buy the products of Kronis, Iecavnieks, crafts of Bauska, as well as home-made goods - tea, spices, butter caramel, honey and jam.",https://www.tourism.bauska.lv/lv/citi-pakalpojumi/suveniri/bauskas-miestins-un-citi-labumi-184,Veikals,Store,shop,#63F4FF,Noderīgi,Useful,Mājražotāju un amatnieku produkcijas veikals,,,,,,,,,,bauskas_miestins_un_citi_labumi,,,Tourism Bauska,"Shop ""Bauskas miestiņš un citi labumi"""
"Veikals - darbnīca ""Liepiņa""","Rūpniecības iela 13, Bauska, Bauskas nov., LV-3901","56.408091, 24.182496","Cik patīkami salā uzvilkt rokās maigus ar mīlestību uzadītus cimdus vai svētkos uzklāt galdautu ar tautiskiem rakstiem! Nāc uz veikalu-darbnīcu ""Liepiņa"", kas piedāvā tautas tērpus, dvieļus, rokām darinātas zeķes u.c rokdarbus, kuru izstrādē tika izmantoti 100% dabīgi materiāli un etnogrāfisko elementu daudzveidība.","How pleasant it is to put soft mittens on when it is cold outside! The shop ‘Liepiņa’ offers national costumes, tablecloths, napkins, towels, socks and other handicrafts. In order to develop original products, patterns of the national ethnographic heritage and 100% natural materials are used.",https://www.tourism.bauska.lv/lv/citi-pakalpojumi/suveniri/liepina-57,Veikals,Store,shop,#63F4FF,Noderīgi,Useful,veikals- rokdarbi ar etnogrāfiskiem elementiem ,,,,,,,,,,veikals_darbnica_Liepina,,,Tourism Bauska,"The shop ""Liepiņa"""
Viesnīca Rija Bauska,Slimnīcas iela 7,"56.407927, 24.195579","Viesnīca Rija Bauska atrodas Bauskas centrā, netālu no galvenajiem apskates objektiem, turklāt Bauskas Autoosta atrodas tikai 30 metru attālumā. Viesnīcas pirmajā stāvā restorāns “Mūza” piedāvā viesiem baudīt klasisku Eiropas virtuvi. Apmeklētājiem pieejama stāvvieta par brīvu, kā arī konferenču zāles līdz 35 vai 20 personām vai banketu zāle līdz pat 60 viesiem. Uzņēmums ir draudzīgs ģimenēm un mājdzīvniekiem. Papildus ērtības : Wi-Fi, brokastu bufete, SPA&skaistumkopšanas pakalpojumi, apkalpošana numurā, atpūtas bārs un vēl.","Rija Bauska Hotel is located in the centre of Bauska with the main sightseeing places within walking distance. Bauska Bus Terminal is 30 m from the hotel. The hotel’s first floor has a restaurant Mūza offering to guests classic European cuisine dishes to enjoy. Free parking is available for guests. Conference rooms for up to 35 or 20 people, banquet hall for up to 60 people. Pet and family friendly. Other amenities: Free Wi-Fi, buffet breakfast, SPA & beauty services, room service, lobby bar, transfer",https://www.rijahotels.com/en/hotels/rija-bauska-hotel,Viesnīca,Hotel,hotel,#B7E7FB,Noderīgi,Useful,,,,,,,,,,,viesnicarija,,,Rija Hotel,Hotel Rija Bauska
Viesnīca Viona,Rīgas iela 41,"56.411375, 24.189060","Maza, klusa un pievilcīga viesnīca Bauskas vecpilsētā, kas piedāvā viesiem terasi ar skatu uz upi. Ērtības : kafejnīca, sauna, banketu zāle un stāvvietas auto par brīvu.","Quiet and small hotel in old city of Bauska. Outdoor terrace with a view to river. Amenities: cafe, sauna, banquet hall, free parking",https://www.tourism.bauska.lv/lv/naktsmitnes/viesnicas/viona-224,Viesnīca,Hotel,hotel,#B7E7FB,Noderīgi,Useful,,,,,,,,,,,"viesnica_viona, viesnica_viona_2",,,Tourism Bauska,Hotel Viona
Viesnīca Bērzkalni,"""Bērzkalni"" 11A, Īslīces pag., Bauskas novads","56.397648, 24.192989","Viesu māja, kas atrodas 2 km attālumā no Bauskas centra. Bērzkalni piedāvā kafejnīcu, banketu un konferenču zāles, kā arī trenažieru zāli, saunu un peldbaseinu (no septembra līdz maijam) par atsevišķu samaksu. Reģistrešanās laiku var piemērot klientam. Ērtības : stāvvietas auto par brīvu, mājdzīvniekiem draudzīga politika, Wi-Fi.","Guest house located 2 km from the centre of Bauska. Bērzkalni has a cafe, banquet and conference halls. Gym, sauna, swimming pool (from September till May) for an additional price. Flexible checking times. Amenities: free parking, pets allowed, free Wi-Fi",https://www.tourism.bauska.lv/lv/naktsmitnes/viesnicas/berzkalni-42,Viesnīca,Hotel,hotel,#B7E7FB,Noderīgi,Useful,,,,,,,,,,,"viesnicaberzkalni, viesnicaberzkalni2",,,Tourism Bauska,Hotel Bērzkalni
Viesnīca Pārupes,Pārupes iela 15,"56.394804, 24.188395","Brīvdienu māja Pārupes atrodas klusā un mierīgā lauku apvidū. Teritorijā ietilpst arīdārzs un apjumta terase. Vienlaicīgi spēj uzņemt 7 viesus, taču ziemas sezonā nav atvērta. Ērtības : Wi-Fi, gaisa kondicionieris, privāta auto stāvvieta bez maksas, piknika zona ar iespējām grilēt, sauna, velosipēdu īre.","Holiday house Pārupes is set in a peaceful rural area. Beautiful garden with a roofed terrace. Holiday house for up to 7 people. Closed for winter season. Amenities: free Wi-Fi, air conditioner, free private parking, picnic area with BBQ facilities, sauna, bikes for rent",https://www.booking.com/hotel/lv/brivdienu-majas-parupes.lv.html,Viesnīca,Hotel,hotel,#B7E7FB,Noderīgi,Useful,,,,,,,,,,,"viesnica_parupes, viesnica_parupes_2",,,Booking.com,Hotel Pārupes
Āra tualete,,"56.408029, 24.178727",Bezmaksas tualete.,Free toilet.,,WC,WC,wc,#BCD4DE,Noderīgi,Useful,,,,,,,,,,,aratualete,,,,Outdoor toilet
Vecmodīga āra tualete,,"56.403590, 24.167314",Bezmaksas tualete ekstrēmistiem.,Free toilet for extremists.,,WC,WC,wc,#BCD4DE,Noderīgi,Useful,,,,,,,,,,,,,,,Old fashioned outdoor toilet
Maksas tualete,,"56.407155, 24.196134",Bauskas autoostā pieejama maksas tualete par 30 centiem.,In Bauska's Bus station there is a toilet with 30 cents charge.,,WC,WC,wc,#BCD4DE,Noderīgi,Useful,,,,,,,,,,,,,,,Pay toilet
Tualete,,"56.410293, 24.186855","Bezmaksas tualete blakus Rātslaukumam. Tomēr jārēķinās, ka arī tualetēm mēdz būt pusdienu pārtraukumi un brīvdienas!","Free toilet next to Town Hall Square. However, be aware that toilets also have lunch breaks and holidays!
",,WC,WC,wc,#BCD4DE,Noderīgi,Useful,,,,,,,,,,,tualetepieratsnama,,,,Toilet
Tualete veikalā,,"56.405912, 24.188179",Labierīcības blakus Rimi veikalam.,Toilet next to Rimi shop.,,WC,WC,wc,#BCD4DE,Noderīgi,Useful,,,,,,,,,,,,,,,Toilet in the shop